scenario,vehicle_id,mid_frame,start_frame,end_frame,rows_saved,file
near_collision,1054,2771,2746,2795,50,outputs_windows\near_collision\near_collision_veh1054_mid2771.csv
near_collision,1078,2769,2744,2793,40,outputs_windows\near_collision\near_collision_veh1078_mid2769.csv
near_collision,1091,2650,2625,2674,38,outputs_windows\near_collision\near_collision_veh1091_mid2650.csv
near_collision,1255,3597,3572,3621,50,outputs_windows\near_collision\near_collision_veh1255_mid3597.csv
near_collision,1272,3713,3688,3737,30,outputs_windows\near_collision\near_collision_veh1272_mid3713.csv
near_collision,1328,3869,3844,3893,29,outputs_windows\near_collision\near_collision_veh1328_mid3869.csv
near_collision,1785,5316,5291,5340,50,outputs_windows\near_collision\near_collision_veh1785_mid5316.csv
near_collision,2146,6177,6152,6201,50,outputs_windows\near_collision\near_collision_veh2146_mid6177.csv
near_collision,2146,6187,6162,6211,50,outputs_windows\near_collision\near_collision_veh2146_mid6187.csv
near_collision,2146,6217,6192,6241,50,outputs_windows\near_collision\near_collision_veh2146_mid6217.csv
near_collision,2146,6269,6244,6293,50,outputs_windows\near_collision\near_collision_veh2146_mid6269.csv
near_collision,2146,6293,6268,6317,50,outputs_windows\near_collision\near_collision_veh2146_mid6293.csv
near_collision,2152,6230,6205,6254,50,outputs_windows\near_collision\near_collision_veh2152_mid6230.csv
near_collision,2169,6136,6111,6160,30,outputs_windows\near_collision\near_collision_veh2169_mid6136.csv
near_collision,2332,6826,6801,6850,50,outputs_windows\near_collision\near_collision_veh2332_mid6826.csv
near_collision,2519,7425,7400,7449,50,outputs_windows\near_collision\near_collision_veh2519_mid7425.csv
near_collision,2613,7513,7488,7537,50,outputs_windows\near_collision\near_collision_veh2613_mid7513.csv
near_collision,2613,7687,7662,7711,50,outputs_windows\near_collision\near_collision_veh2613_mid7687.csv
near_collision,2613,7708,7683,7732,50,outputs_windows\near_collision\near_collision_veh2613_mid7708.csv
near_collision,2613,7721,7696,7745,42,outputs_windows\near_collision\near_collision_veh2613_mid7721.csv
near_collision,2680,7630,7605,7654,26,outputs_windows\near_collision\near_collision_veh2680_mid7630.csv
near_collision,2724,7893,7868,7917,50,outputs_windows\near_collision\near_collision_veh2724_mid7893.csv
near_collision,2724,7942,7917,7966,50,outputs_windows\near_collision\near_collision_veh2724_mid7942.csv
near_collision,2724,7959,7934,7983,50,outputs_windows\near_collision\near_collision_veh2724_mid7959.csv
near_collision,2724,7971,7946,7995,50,outputs_windows\near_collision\near_collision_veh2724_mid7971.csv
near_collision,2724,7976,7951,8000,50,outputs_windows\near_collision\near_collision_veh2724_mid7976.csv
near_collision,2724,8044,8019,8068,50,outputs_windows\near_collision\near_collision_veh2724_mid8044.csv
near_collision,2724,8078,8053,8102,41,outputs_windows\near_collision\near_collision_veh2724_mid8078.csv
near_collision,2753,8331,8306,8355,38,outputs_windows\near_collision\near_collision_veh2753_mid8331.csv
near_collision,2819,8010,7985,8034,34,outputs_windows\near_collision\near_collision_veh2819_mid8010.csv
near_collision,2819,8224,8199,8248,50,outputs_windows\near_collision\near_collision_veh2819_mid8224.csv
near_collision,2871,8383,8358,8407,50,outputs_windows\near_collision\near_collision_veh2871_mid8383.csv
near_collision,2871,8403,8378,8427,44,outputs_windows\near_collision\near_collision_veh2871_mid8403.csv
near_collision,2876,8319,8294,8343,50,outputs_windows\near_collision\near_collision_veh2876_mid8319.csv
near_collision,2877,8352,8327,8376,50,outputs_windows\near_collision\near_collision_veh2877_mid8352.csv
near_collision,2886,8294,8269,8318,42,outputs_windows\near_collision\near_collision_veh2886_mid8294.csv
near_collision,3108,3421,3396,3445,50,outputs_windows\near_collision\near_collision_veh3108_mid3421.csv
near_collision,3108,3464,3439,3488,50,outputs_windows\near_collision\near_collision_veh3108_mid3464.csv
near_collision,3108,3483,3458,3507,50,outputs_windows\near_collision\near_collision_veh3108_mid3483.csv
near_collision,3108,3512,3487,3536,50,outputs_windows\near_collision\near_collision_veh3108_mid3512.csv
sudden_braking,913,2425,2400,2449,31,outputs_windows\sudden_braking\sudden_braking_veh913_mid2425.csv
sudden_braking,923,2426,2401,2450,14,outputs_windows\sudden_braking\sudden_braking_veh923_mid2426.csv
sudden_braking,925,2433,2408,2457,39,outputs_windows\sudden_braking\sudden_braking_veh925_mid2433.csv
sudden_braking,925,2456,2431,2480,50,outputs_windows\sudden_braking\sudden_braking_veh925_mid2456.csv
sudden_braking,925,2473,2448,2497,50,outputs_windows\sudden_braking\sudden_braking_veh925_mid2473.csv
sudden_braking,929,2427,2402,2451,33,outputs_windows\sudden_braking\sudden_braking_veh929_mid2427.csv
sudden_braking,931,2431,2406,2455,37,outputs_windows\sudden_braking\sudden_braking_veh931_mid2431.csv
sudden_braking,931,2444,2419,2468,50,outputs_windows\sudden_braking\sudden_braking_veh931_mid2444.csv
sudden_braking,931,2456,2431,2480,50,outputs_windows\sudden_braking\sudden_braking_veh931_mid2456.csv
sudden_braking,932,2429,2404,2453,35,outputs_windows\sudden_braking\sudden_braking_veh932_mid2429.csv
sudden_braking,932,2445,2420,2469,43,outputs_windows\sudden_braking\sudden_braking_veh932_mid2445.csv
sudden_braking,933,2428,2403,2452,34,outputs_windows\sudden_braking\sudden_braking_veh933_mid2428.csv
sudden_braking,933,2433,2408,2457,39,outputs_windows\sudden_braking\sudden_braking_veh933_mid2433.csv
sudden_braking,933,2450,2425,2474,50,outputs_windows\sudden_braking\sudden_braking_veh933_mid2450.csv
sudden_braking,936,2435,2410,2459,41,outputs_windows\sudden_braking\sudden_braking_veh936_mid2435.csv
sudden_braking,936,2477,2452,2501,33,outputs_windows\sudden_braking\sudden_braking_veh936_mid2477.csv
sudden_braking,942,2442,2417,2466,48,outputs_windows\sudden_braking\sudden_braking_veh942_mid2442.csv
sudden_braking,942,2463,2438,2487,32,outputs_windows\sudden_braking\sudden_braking_veh942_mid2463.csv
sudden_braking,943,2428,2403,2452,34,outputs_windows\sudden_braking\sudden_braking_veh943_mid2428.csv
sudden_braking,944,2425,2400,2449,31,outputs_windows\sudden_braking\sudden_braking_veh944_mid2425.csv
sudden_braking,944,2444,2419,2468,50,outputs_windows\sudden_braking\sudden_braking_veh944_mid2444.csv
sudden_braking,944,2468,2443,2492,50,outputs_windows\sudden_braking\sudden_braking_veh944_mid2468.csv
sudden_braking,944,2479,2454,2503,50,outputs_windows\sudden_braking\sudden_braking_veh944_mid2479.csv
sudden_braking,945,2467,2442,2491,50,outputs_windows\sudden_braking\sudden_braking_veh945_mid2467.csv
sudden_braking,946,2437,2412,2461,43,outputs_windows\sudden_braking\sudden_braking_veh946_mid2437.csv
sudden_braking,946,2452,2427,2476,50,outputs_windows\sudden_braking\sudden_braking_veh946_mid2452.csv
sudden_braking,947,2436,2411,2460,42,outputs_windows\sudden_braking\sudden_braking_veh947_mid2436.csv
sudden_braking,947,2445,2420,2469,50,outputs_windows\sudden_braking\sudden_braking_veh947_mid2445.csv
sudden_braking,947,2454,2429,2478,50,outputs_windows\sudden_braking\sudden_braking_veh947_mid2454.csv
sudden_braking,948,2455,2430,2479,50,outputs_windows\sudden_braking\sudden_braking_veh948_mid2455.csv
sudden_braking,948,2478,2453,2502,50,outputs_windows\sudden_braking\sudden_braking_veh948_mid2478.csv
sudden_braking,948,2489,2464,2513,50,outputs_windows\sudden_braking\sudden_braking_veh948_mid2489.csv
sudden_braking,949,2446,2421,2470,50,outputs_windows\sudden_braking\sudden_braking_veh949_mid2446.csv
sudden_braking,949,2452,2427,2476,50,outputs_windows\sudden_braking\sudden_braking_veh949_mid2452.csv
sudden_braking,949,2464,2439,2488,49,outputs_windows\sudden_braking\sudden_braking_veh949_mid2464.csv
sudden_braking,950,2423,2398,2447,29,outputs_windows\sudden_braking\sudden_braking_veh950_mid2423.csv
sudden_braking,950,2445,2420,2469,50,outputs_windows\sudden_braking\sudden_braking_veh950_mid2445.csv
sudden_braking,950,2461,2436,2485,50,outputs_windows\sudden_braking\sudden_braking_veh950_mid2461.csv
sudden_braking,950,2482,2457,2506,50,outputs_windows\sudden_braking\sudden_braking_veh950_mid2482.csv
sudden_braking,950,2489,2464,2513,50,outputs_windows\sudden_braking\sudden_braking_veh950_mid2489.csv
sudden_braking,952,2445,2420,2469,50,outputs_windows\sudden_braking\sudden_braking_veh952_mid2445.csv
sudden_braking,952,2461,2436,2485,50,outputs_windows\sudden_braking\sudden_braking_veh952_mid2461.csv
sudden_braking,952,2479,2454,2503,50,outputs_windows\sudden_braking\sudden_braking_veh952_mid2479.csv
sudden_braking,953,2422,2397,2446,28,outputs_windows\sudden_braking\sudden_braking_veh953_mid2422.csv
sudden_braking,953,2443,2418,2467,49,outputs_windows\sudden_braking\sudden_braking_veh953_mid2443.csv
sudden_braking,953,2463,2438,2487,50,outputs_windows\sudden_braking\sudden_braking_veh953_mid2463.csv
sudden_braking,953,2487,2462,2511,50,outputs_windows\sudden_braking\sudden_braking_veh953_mid2487.csv
sudden_braking,953,2500,2475,2524,50,outputs_windows\sudden_braking\sudden_braking_veh953_mid2500.csv
sudden_braking,954,2423,2398,2447,29,outputs_windows\sudden_braking\sudden_braking_veh954_mid2423.csv
sudden_braking,954,2466,2441,2490,50,outputs_windows\sudden_braking\sudden_braking_veh954_mid2466.csv
sudden_braking,954,2481,2456,2505,49,outputs_windows\sudden_braking\sudden_braking_veh954_mid2481.csv
sudden_braking,954,2488,2463,2512,42,outputs_windows\sudden_braking\sudden_braking_veh954_mid2488.csv
sudden_braking,955,2467,2442,2491,50,outputs_windows\sudden_braking\sudden_braking_veh955_mid2467.csv
sudden_braking,955,2476,2451,2500,50,outputs_windows\sudden_braking\sudden_braking_veh955_mid2476.csv
sudden_braking,955,2483,2458,2507,50,outputs_windows\sudden_braking\sudden_braking_veh955_mid2483.csv
sudden_braking,956,2432,2407,2456,38,outputs_windows\sudden_braking\sudden_braking_veh956_mid2432.csv
sudden_braking,956,2463,2438,2487,50,outputs_windows\sudden_braking\sudden_braking_veh956_mid2463.csv
sudden_braking,956,2471,2446,2495,50,outputs_windows\sudden_braking\sudden_braking_veh956_mid2471.csv
sudden_braking,957,2433,2408,2457,39,outputs_windows\sudden_braking\sudden_braking_veh957_mid2433.csv
sudden_braking,957,2458,2433,2482,50,outputs_windows\sudden_braking\sudden_braking_veh957_mid2458.csv
sudden_braking,957,2481,2456,2505,50,outputs_windows\sudden_braking\sudden_braking_veh957_mid2481.csv
sudden_braking,958,2462,2437,2486,50,outputs_windows\sudden_braking\sudden_braking_veh958_mid2462.csv
sudden_braking,958,2469,2444,2493,50,outputs_windows\sudden_braking\sudden_braking_veh958_mid2469.csv
sudden_braking,958,2487,2462,2511,50,outputs_windows\sudden_braking\sudden_braking_veh958_mid2487.csv
sudden_braking,958,2507,2482,2531,47,outputs_windows\sudden_braking\sudden_braking_veh958_mid2507.csv
sudden_braking,959,2426,2401,2450,32,outputs_windows\sudden_braking\sudden_braking_veh959_mid2426.csv
sudden_braking,959,2458,2433,2482,50,outputs_windows\sudden_braking\sudden_braking_veh959_mid2458.csv
sudden_braking,959,2487,2462,2511,50,outputs_windows\sudden_braking\sudden_braking_veh959_mid2487.csv
sudden_braking,959,2493,2468,2517,50,outputs_windows\sudden_braking\sudden_braking_veh959_mid2493.csv
sudden_braking,959,2502,2477,2526,50,outputs_windows\sudden_braking\sudden_braking_veh959_mid2502.csv
sudden_braking,959,2514,2489,2538,50,outputs_windows\sudden_braking\sudden_braking_veh959_mid2514.csv
sudden_braking,959,2542,2517,2566,50,outputs_windows\sudden_braking\sudden_braking_veh959_mid2542.csv
sudden_braking,961,2431,2406,2455,37,outputs_windows\sudden_braking\sudden_braking_veh961_mid2431.csv
sudden_braking,961,2441,2416,2465,47,outputs_windows\sudden_braking\sudden_braking_veh961_mid2441.csv
sudden_braking,961,2447,2422,2471,50,outputs_windows\sudden_braking\sudden_braking_veh961_mid2447.csv
sudden_braking,961,2460,2435,2484,50,outputs_windows\sudden_braking\sudden_braking_veh961_mid2460.csv
sudden_braking,961,2471,2446,2495,50,outputs_windows\sudden_braking\sudden_braking_veh961_mid2471.csv
sudden_braking,961,2480,2455,2504,50,outputs_windows\sudden_braking\sudden_braking_veh961_mid2480.csv
sudden_braking,961,2485,2460,2509,50,outputs_windows\sudden_braking\sudden_braking_veh961_mid2485.csv
sudden_braking,961,2497,2472,2521,50,outputs_windows\sudden_braking\sudden_braking_veh961_mid2497.csv
sudden_braking,961,2505,2480,2529,50,outputs_windows\sudden_braking\sudden_braking_veh961_mid2505.csv
sudden_braking,962,2432,2407,2456,38,outputs_windows\sudden_braking\sudden_braking_veh962_mid2432.csv
sudden_braking,962,2457,2432,2481,50,outputs_windows\sudden_braking\sudden_braking_veh962_mid2457.csv
sudden_braking,962,2476,2451,2500,50,outputs_windows\sudden_braking\sudden_braking_veh962_mid2476.csv
sudden_braking,962,2489,2464,2513,50,outputs_windows\sudden_braking\sudden_braking_veh962_mid2489.csv
sudden_braking,962,2500,2475,2524,50,outputs_windows\sudden_braking\sudden_braking_veh962_mid2500.csv
sudden_braking,964,2438,2413,2462,44,outputs_windows\sudden_braking\sudden_braking_veh964_mid2438.csv
sudden_braking,964,2466,2441,2490,50,outputs_windows\sudden_braking\sudden_braking_veh964_mid2466.csv
sudden_braking,964,2509,2484,2533,50,outputs_windows\sudden_braking\sudden_braking_veh964_mid2509.csv
sudden_braking,964,2547,2522,2571,33,outputs_windows\sudden_braking\sudden_braking_veh964_mid2547.csv
sudden_braking,965,2437,2412,2461,43,outputs_windows\sudden_braking\sudden_braking_veh965_mid2437.csv
sudden_braking,965,2451,2426,2475,50,outputs_windows\sudden_braking\sudden_braking_veh965_mid2451.csv
sudden_braking,965,2491,2466,2515,50,outputs_windows\sudden_braking\sudden_braking_veh965_mid2491.csv
sudden_braking,965,2515,2490,2539,50,outputs_windows\sudden_braking\sudden_braking_veh965_mid2515.csv
sudden_braking,966,2445,2420,2469,50,outputs_windows\sudden_braking\sudden_braking_veh966_mid2445.csv
sudden_braking,966,2460,2435,2484,50,outputs_windows\sudden_braking\sudden_braking_veh966_mid2460.csv
sudden_braking,966,2477,2452,2501,50,outputs_windows\sudden_braking\sudden_braking_veh966_mid2477.csv
sudden_braking,966,2506,2481,2530,50,outputs_windows\sudden_braking\sudden_braking_veh966_mid2506.csv
sudden_braking,966,2511,2486,2535,50,outputs_windows\sudden_braking\sudden_braking_veh966_mid2511.csv
sudden_braking,966,2518,2493,2542,50,outputs_windows\sudden_braking\sudden_braking_veh966_mid2518.csv
lane_change,949,2481,2456,2505,32,outputs_windows\lane_change\lane_change_veh949_mid2481.csv
lane_change,954,2430,2405,2454,36,outputs_windows\lane_change\lane_change_veh954_mid2430.csv
lane_change,956,2497,2472,2521,44,outputs_windows\lane_change\lane_change_veh956_mid2497.csv
lane_change,961,2515,2490,2539,50,outputs_windows\lane_change\lane_change_veh961_mid2515.csv
lane_change,970,2495,2470,2519,50,outputs_windows\lane_change\lane_change_veh970_mid2495.csv
lane_change,986,2656,2631,2680,32,outputs_windows\lane_change\lane_change_veh986_mid2656.csv
lane_change,991,2490,2465,2514,50,outputs_windows\lane_change\lane_change_veh991_mid2490.csv
lane_change,996,2433,2408,2457,39,outputs_windows\lane_change\lane_change_veh996_mid2433.csv
lane_change,996,2730,2705,2754,43,outputs_windows\lane_change\lane_change_veh996_mid2730.csv
lane_change,1009,2628,2603,2652,50,outputs_windows\lane_change\lane_change_veh1009_mid2628.csv
lane_change,1009,2642,2617,2666,50,outputs_windows\lane_change\lane_change_veh1009_mid2642.csv
lane_change,1010,2650,2625,2674,50,outputs_windows\lane_change\lane_change_veh1010_mid2650.csv
lane_change,1010,2658,2633,2682,50,outputs_windows\lane_change\lane_change_veh1010_mid2658.csv
lane_change,1029,2649,2624,2673,50,outputs_windows\lane_change\lane_change_veh1029_mid2649.csv
lane_change,1030,2725,2700,2749,50,outputs_windows\lane_change\lane_change_veh1030_mid2725.csv
lane_change,1039,2467,2442,2491,26,outputs_windows\lane_change\lane_change_veh1039_mid2467.csv
lane_change,1042,2770,2745,2794,50,outputs_windows\lane_change\lane_change_veh1042_mid2770.csv
lane_change,1042,2785,2760,2809,50,outputs_windows\lane_change\lane_change_veh1042_mid2785.csv
lane_change,1043,2574,2549,2598,39,outputs_windows\lane_change\lane_change_veh1043_mid2574.csv
lane_change,1052,2790,2765,2814,50,outputs_windows\lane_change\lane_change_veh1052_mid2790.csv
lane_change,1052,2807,2782,2831,50,outputs_windows\lane_change\lane_change_veh1052_mid2807.csv
lane_change,1054,2716,2691,2740,50,outputs_windows\lane_change\lane_change_veh1054_mid2716.csv
lane_change,1054,2775,2750,2799,50,outputs_windows\lane_change\lane_change_veh1054_mid2775.csv
lane_change,1056,2731,2706,2755,50,outputs_windows\lane_change\lane_change_veh1056_mid2731.csv
lane_change,1069,2923,2898,2947,50,outputs_windows\lane_change\lane_change_veh1069_mid2923.csv
lane_change,1078,2772,2747,2796,43,outputs_windows\lane_change\lane_change_veh1078_mid2772.csv
lane_change,1079,2912,2887,2936,48,outputs_windows\lane_change\lane_change_veh1079_mid2912.csv
lane_change,1079,2946,2921,2970,50,outputs_windows\lane_change\lane_change_veh1079_mid2946.csv
lane_change,1088,2950,2925,2974,50,outputs_windows\lane_change\lane_change_veh1088_mid2950.csv
lane_change,1089,2949,2924,2973,50,outputs_windows\lane_change\lane_change_veh1089_mid2949.csv
lane_change,1089,3014,2989,3038,47,outputs_windows\lane_change\lane_change_veh1089_mid3014.csv
lane_change,1097,2972,2947,2996,50,outputs_windows\lane_change\lane_change_veh1097_mid2972.csv
lane_change,1097,2980,2955,3004,50,outputs_windows\lane_change\lane_change_veh1097_mid2980.csv
lane_change,1098,2990,2965,3014,49,outputs_windows\lane_change\lane_change_veh1098_mid2990.csv
lane_change,1103,3016,2991,3040,46,outputs_windows\lane_change\lane_change_veh1103_mid3016.csv
lane_change,1103,3053,3028,3077,50,outputs_windows\lane_change\lane_change_veh1103_mid3053.csv
lane_change,1109,2989,2964,3013,50,outputs_windows\lane_change\lane_change_veh1109_mid2989.csv
lane_change,1110,2993,2968,3017,50,outputs_windows\lane_change\lane_change_veh1110_mid2993.csv
lane_change,1110,3004,2979,3028,50,outputs_windows\lane_change\lane_change_veh1110_mid3004.csv
lane_change,1111,3036,3011,3060,50,outputs_windows\lane_change\lane_change_veh1111_mid3036.csv
lane_change,1118,3052,3027,3076,50,outputs_windows\lane_change\lane_change_veh1118_mid3052.csv
lane_change,1118,3058,3033,3082,50,outputs_windows\lane_change\lane_change_veh1118_mid3058.csv
lane_change,1126,3071,3046,3095,50,outputs_windows\lane_change\lane_change_veh1126_mid3071.csv
lane_change,1126,3111,3086,3135,50,outputs_windows\lane_change\lane_change_veh1126_mid3111.csv
lane_change,1132,3150,3125,3174,50,outputs_windows\lane_change\lane_change_veh1132_mid3150.csv
lane_change,1132,3177,3152,3201,46,outputs_windows\lane_change\lane_change_veh1132_mid3177.csv
lane_change,1150,3137,3112,3161,48,outputs_windows\lane_change\lane_change_veh1150_mid3137.csv
lane_change,1150,3162,3137,3186,50,outputs_windows\lane_change\lane_change_veh1150_mid3162.csv
lane_change,1161,3090,3065,3114,50,outputs_windows\lane_change\lane_change_veh1161_mid3090.csv
lane_change,1167,3208,3183,3232,50,outputs_windows\lane_change\lane_change_veh1167_mid3208.csv
lane_change,1167,3229,3204,3253,50,outputs_windows\lane_change\lane_change_veh1167_mid3229.csv
lane_change,1204,3367,3342,3391,50,outputs_windows\lane_change\lane_change_veh1204_mid3367.csv
lane_change,1204,3382,3357,3406,50,outputs_windows\lane_change\lane_change_veh1204_mid3382.csv
lane_change,1206,3261,3236,3285,50,outputs_windows\lane_change\lane_change_veh1206_mid3261.csv
lane_change,1210,3432,3407,3456,50,outputs_windows\lane_change\lane_change_veh1210_mid3432.csv
lane_change,1235,3482,3457,3506,50,outputs_windows\lane_change\lane_change_veh1235_mid3482.csv
lane_change,1235,3496,3471,3520,50,outputs_windows\lane_change\lane_change_veh1235_mid3496.csv
lane_change,1255,3570,3545,3594,50,outputs_windows\lane_change\lane_change_veh1255_mid3570.csv
lane_change,1255,3593,3568,3617,50,outputs_windows\lane_change\lane_change_veh1255_mid3593.csv
lane_change,1257,3553,3528,3577,50,outputs_windows\lane_change\lane_change_veh1257_mid3553.csv
lane_change,1258,3582,3557,3606,50,outputs_windows\lane_change\lane_change_veh1258_mid3582.csv
lane_change,1258,3602,3577,3626,50,outputs_windows\lane_change\lane_change_veh1258_mid3602.csv
lane_change,1267,3563,3538,3587,50,outputs_windows\lane_change\lane_change_veh1267_mid3563.csv
lane_change,1269,3684,3659,3708,50,outputs_windows\lane_change\lane_change_veh1269_mid3684.csv
lane_change,1313,3625,3600,3649,50,outputs_windows\lane_change\lane_change_veh1313_mid3625.csv
lane_change,1317,3787,3762,3811,45,outputs_windows\lane_change\lane_change_veh1317_mid3787.csv
lane_change,1321,3782,3757,3806,50,outputs_windows\lane_change\lane_change_veh1321_mid3782.csv
lane_change,1333,3810,3785,3834,46,outputs_windows\lane_change\lane_change_veh1333_mid3810.csv
lane_change,1333,3847,3822,3871,50,outputs_windows\lane_change\lane_change_veh1333_mid3847.csv
lane_change,1334,3593,3568,3617,33,outputs_windows\lane_change\lane_change_veh1334_mid3593.csv
lane_change,1334,3599,3574,3623,39,outputs_windows\lane_change\lane_change_veh1334_mid3599.csv
lane_change,1334,3750,3725,3774,50,outputs_windows\lane_change\lane_change_veh1334_mid3750.csv
lane_change,1334,3800,3775,3824,50,outputs_windows\lane_change\lane_change_veh1334_mid3800.csv
lane_change,1344,3838,3813,3862,48,outputs_windows\lane_change\lane_change_veh1344_mid3838.csv
lane_change,1344,3859,3834,3883,50,outputs_windows\lane_change\lane_change_veh1344_mid3859.csv
lane_change,1349,3870,3845,3894,48,outputs_windows\lane_change\lane_change_veh1349_mid3870.csv
lane_change,1362,3914,3889,3938,50,outputs_windows\lane_change\lane_change_veh1362_mid3914.csv
lane_change,1371,3926,3901,3950,50,outputs_windows\lane_change\lane_change_veh1371_mid3926.csv
lane_change,1371,3953,3928,3977,50,outputs_windows\lane_change\lane_change_veh1371_mid3953.csv
lane_change,1371,3993,3968,4017,50,outputs_windows\lane_change\lane_change_veh1371_mid3993.csv
lane_change,1387,3942,3917,3966,50,outputs_windows\lane_change\lane_change_veh1387_mid3942.csv
lane_change,1387,3949,3924,3973,50,outputs_windows\lane_change\lane_change_veh1387_mid3949.csv
lane_change,1388,3845,3820,3869,50,outputs_windows\lane_change\lane_change_veh1388_mid3845.csv
lane_change,1389,3778,3753,3802,50,outputs_windows\lane_change\lane_change_veh1389_mid3778.csv
lane_change,1398,3998,3973,4022,44,outputs_windows\lane_change\lane_change_veh1398_mid3998.csv
lane_change,1398,4025,4000,4049,50,outputs_windows\lane_change\lane_change_veh1398_mid4025.csv
lane_change,1407,4035,4010,4059,47,outputs_windows\lane_change\lane_change_veh1407_mid4035.csv
lane_change,1407,4071,4046,4095,50,outputs_windows\lane_change\lane_change_veh1407_mid4071.csv
lane_change,1425,4072,4047,4096,50,outputs_windows\lane_change\lane_change_veh1425_mid4072.csv
lane_change,1427,4069,4044,4093,50,outputs_windows\lane_change\lane_change_veh1427_mid4069.csv
lane_change,1427,4089,4064,4113,50,outputs_windows\lane_change\lane_change_veh1427_mid4089.csv
lane_change,1428,4078,4053,4102,48,outputs_windows\lane_change\lane_change_veh1428_mid4078.csv
lane_change,1446,3973,3948,3997,49,outputs_windows\lane_change\lane_change_veh1446_mid3973.csv
lane_change,1446,4201,4176,4225,49,outputs_windows\lane_change\lane_change_veh1446_mid4201.csv
lane_change,1446,4211,4186,4235,39,outputs_windows\lane_change\lane_change_veh1446_mid4211.csv
lane_change,1446,4218,4193,4242,32,outputs_windows\lane_change\lane_change_veh1446_mid4218.csv
lane_change,1459,4163,4138,4187,50,outputs_windows\lane_change\lane_change_veh1459_mid4163.csv
lane_change,1459,4169,4144,4193,50,outputs_windows\lane_change\lane_change_veh1459_mid4169.csv
lane_change,1493,4124,4099,4148,50,outputs_windows\lane_change\lane_change_veh1493_mid4124.csv
lane_change,1493,4134,4109,4158,50,outputs_windows\lane_change\lane_change_veh1493_mid4134.csv
car_following,929,2430,2405,2454,36,outputs_windows\car_following\car_following_veh929_mid2430.csv
car_following,932,2432,2407,2456,38,outputs_windows\car_following\car_following_veh932_mid2432.csv
car_following,936,2428,2403,2452,34,outputs_windows\car_following\car_following_veh936_mid2428.csv
car_following,946,2451,2426,2475,50,outputs_windows\car_following\car_following_veh946_mid2451.csv
car_following,947,2442,2417,2466,48,outputs_windows\car_following\car_following_veh947_mid2442.csv
car_following,950,2465,2440,2489,50,outputs_windows\car_following\car_following_veh950_mid2465.csv
car_following,952,2458,2433,2482,50,outputs_windows\car_following\car_following_veh952_mid2458.csv
car_following,954,2455,2430,2479,50,outputs_windows\car_following\car_following_veh954_mid2455.csv
car_following,955,2464,2439,2488,50,outputs_windows\car_following\car_following_veh955_mid2464.csv
car_following,957,2451,2426,2475,50,outputs_windows\car_following\car_following_veh957_mid2451.csv
car_following,958,2470,2445,2494,50,outputs_windows\car_following\car_following_veh958_mid2470.csv
car_following,962,2467,2442,2491,50,outputs_windows\car_following\car_following_veh962_mid2467.csv
car_following,964,2528,2503,2552,50,outputs_windows\car_following\car_following_veh964_mid2528.csv
car_following,965,2466,2441,2490,50,outputs_windows\car_following\car_following_veh965_mid2466.csv
car_following,966,2448,2423,2472,50,outputs_windows\car_following\car_following_veh966_mid2448.csv
car_following,968,2468,2443,2492,50,outputs_windows\car_following\car_following_veh968_mid2468.csv
car_following,969,2486,2461,2510,50,outputs_windows\car_following\car_following_veh969_mid2486.csv
car_following,970,2456,2431,2480,50,outputs_windows\car_following\car_following_veh970_mid2456.csv
car_following,971,2458,2433,2482,50,outputs_windows\car_following\car_following_veh971_mid2458.csv
car_following,972,2484,2459,2508,50,outputs_windows\car_following\car_following_veh972_mid2484.csv
car_following,972,2572,2547,2596,50,outputs_windows\car_following\car_following_veh972_mid2572.csv
car_following,976,2506,2481,2530,50,outputs_windows\car_following\car_following_veh976_mid2506.csv
car_following,977,2443,2418,2467,49,outputs_windows\car_following\car_following_veh977_mid2443.csv
car_following,977,2498,2473,2522,50,outputs_windows\car_following\car_following_veh977_mid2498.csv
car_following,978,2506,2481,2530,50,outputs_windows\car_following\car_following_veh978_mid2506.csv
car_following,979,2470,2445,2494,50,outputs_windows\car_following\car_following_veh979_mid2470.csv
car_following,979,2584,2559,2608,50,outputs_windows\car_following\car_following_veh979_mid2584.csv
car_following,980,2476,2451,2500,50,outputs_windows\car_following\car_following_veh980_mid2476.csv
car_following,981,2515,2490,2539,50,outputs_windows\car_following\car_following_veh981_mid2515.csv
car_following,983,2480,2455,2504,50,outputs_windows\car_following\car_following_veh983_mid2480.csv
car_following,987,2485,2460,2509,50,outputs_windows\car_following\car_following_veh987_mid2485.csv
car_following,990,2496,2471,2520,50,outputs_windows\car_following\car_following_veh990_mid2496.csv
car_following,990,2621,2596,2645,50,outputs_windows\car_following\car_following_veh990_mid2621.csv
car_following,991,2454,2429,2478,50,outputs_windows\car_following\car_following_veh991_mid2454.csv
car_following,991,2518,2493,2542,50,outputs_windows\car_following\car_following_veh991_mid2518.csv
car_following,991,2625,2600,2649,50,outputs_windows\car_following\car_following_veh991_mid2625.csv
car_following,997,2476,2451,2500,50,outputs_windows\car_following\car_following_veh997_mid2476.csv
car_following,997,2679,2654,2703,50,outputs_windows\car_following\car_following_veh997_mid2679.csv
car_following,998,2562,2537,2586,50,outputs_windows\car_following\car_following_veh998_mid2562.csv
car_following,1001,2505,2480,2529,50,outputs_windows\car_following\car_following_veh1001_mid2505.csv
car_following,1002,2575,2550,2599,50,outputs_windows\car_following\car_following_veh1002_mid2575.csv
car_following,1003,2587,2562,2611,50,outputs_windows\car_following\car_following_veh1003_mid2587.csv
car_following,1005,2475,2450,2499,50,outputs_windows\car_following\car_following_veh1005_mid2475.csv
car_following,1006,2519,2494,2543,50,outputs_windows\car_following\car_following_veh1006_mid2519.csv
car_following,1006,2643,2618,2667,50,outputs_windows\car_following\car_following_veh1006_mid2643.csv
car_following,1008,2448,2423,2472,50,outputs_windows\car_following\car_following_veh1008_mid2448.csv
car_following,1010,2569,2544,2593,50,outputs_windows\car_following\car_following_veh1010_mid2569.csv
car_following,1010,2684,2659,2708,50,outputs_windows\car_following\car_following_veh1010_mid2684.csv
car_following,1011,2523,2498,2547,50,outputs_windows\car_following\car_following_veh1011_mid2523.csv
car_following,1012,2481,2456,2505,50,outputs_windows\car_following\car_following_veh1012_mid2481.csv
car_following,1012,2715,2690,2739,50,outputs_windows\car_following\car_following_veh1012_mid2715.csv
car_following,1013,2585,2560,2609,50,outputs_windows\car_following\car_following_veh1013_mid2585.csv
car_following,1014,2471,2446,2495,40,outputs_windows\car_following\car_following_veh1014_mid2471.csv
car_following,1016,2451,2426,2475,50,outputs_windows\car_following\car_following_veh1016_mid2451.csv
car_following,1016,2541,2516,2565,50,outputs_windows\car_following\car_following_veh1016_mid2541.csv
car_following,1021,2535,2510,2559,50,outputs_windows\car_following\car_following_veh1021_mid2535.csv
car_following,1021,2779,2754,2803,50,outputs_windows\car_following\car_following_veh1021_mid2779.csv
car_following,1023,2615,2590,2639,50,outputs_windows\car_following\car_following_veh1023_mid2615.csv
car_following,1027,2570,2545,2594,50,outputs_windows\car_following\car_following_veh1027_mid2570.csv
car_following,1027,2795,2770,2819,50,outputs_windows\car_following\car_following_veh1027_mid2795.csv
car_following,1028,2650,2625,2674,50,outputs_windows\car_following\car_following_veh1028_mid2650.csv
car_following,1029,2638,2613,2662,50,outputs_windows\car_following\car_following_veh1029_mid2638.csv
car_following,1030,2686,2661,2710,50,outputs_windows\car_following\car_following_veh1030_mid2686.csv
car_following,1031,2499,2474,2523,50,outputs_windows\car_following\car_following_veh1031_mid2499.csv
car_following,1031,2775,2750,2799,50,outputs_windows\car_following\car_following_veh1031_mid2775.csv
car_following,1032,2556,2531,2580,49,outputs_windows\car_following\car_following_veh1032_mid2556.csv
car_following,1032,2786,2761,2810,50,outputs_windows\car_following\car_following_veh1032_mid2786.csv
car_following,1033,2526,2501,2550,50,outputs_windows\car_following\car_following_veh1033_mid2526.csv
car_following,1033,2780,2755,2804,50,outputs_windows\car_following\car_following_veh1033_mid2780.csv
car_following,1038,2594,2569,2618,50,outputs_windows\car_following\car_following_veh1038_mid2594.csv
car_following,1039,2531,2506,2555,50,outputs_windows\car_following\car_following_veh1039_mid2531.csv
car_following,1039,2814,2789,2838,50,outputs_windows\car_following\car_following_veh1039_mid2814.csv
car_following,1040,2600,2575,2624,50,outputs_windows\car_following\car_following_veh1040_mid2600.csv
car_following,1041,2613,2588,2637,34,outputs_windows\car_following\car_following_veh1041_mid2613.csv
car_following,1041,2705,2680,2729,50,outputs_windows\car_following\car_following_veh1041_mid2705.csv
car_following,1041,2820,2795,2844,50,outputs_windows\car_following\car_following_veh1041_mid2820.csv
car_following,1042,2704,2679,2728,50,outputs_windows\car_following\car_following_veh1042_mid2704.csv
car_following,1043,2638,2613,2662,50,outputs_windows\car_following\car_following_veh1043_mid2638.csv
car_following,1045,2736,2711,2760,50,outputs_windows\car_following\car_following_veh1045_mid2736.csv
car_following,1046,2619,2594,2643,50,outputs_windows\car_following\car_following_veh1046_mid2619.csv
car_following,1046,2784,2759,2808,50,outputs_windows\car_following\car_following_veh1046_mid2784.csv
car_following,1046,2843,2818,2867,50,outputs_windows\car_following\car_following_veh1046_mid2843.csv
car_following,1047,2547,2522,2571,50,outputs_windows\car_following\car_following_veh1047_mid2547.csv
car_following,1049,2650,2625,2674,50,outputs_windows\car_following\car_following_veh1049_mid2650.csv
car_following,1049,2811,2786,2835,50,outputs_windows\car_following\car_following_veh1049_mid2811.csv
car_following,1050,2692,2667,2716,50,outputs_windows\car_following\car_following_veh1050_mid2692.csv
car_following,1050,2781,2756,2805,50,outputs_windows\car_following\car_following_veh1050_mid2781.csv
car_following,1050,2849,2824,2873,50,outputs_windows\car_following\car_following_veh1050_mid2849.csv
car_following,1051,2748,2723,2772,50,outputs_windows\car_following\car_following_veh1051_mid2748.csv
car_following,1052,2710,2685,2734,50,outputs_windows\car_following\car_following_veh1052_mid2710.csv
car_following,1053,2560,2535,2584,50,outputs_windows\car_following\car_following_veh1053_mid2560.csv
car_following,1053,2852,2827,2876,50,outputs_windows\car_following\car_following_veh1053_mid2852.csv
car_following,1054,2640,2615,2664,50,outputs_windows\car_following\car_following_veh1054_mid2640.csv
car_following,1054,2734,2709,2758,50,outputs_windows\car_following\car_following_veh1054_mid2734.csv
car_following,1054,2827,2802,2851,50,outputs_windows\car_following\car_following_veh1054_mid2827.csv
car_following,1055,2601,2576,2625,50,outputs_windows\car_following\car_following_veh1055_mid2601.csv
car_following,1055,2865,2840,2889,50,outputs_windows\car_following\car_following_veh1055_mid2865.csv
car_following,1056,2568,2543,2592,50,outputs_windows\car_following\car_following_veh1056_mid2568.csv
car_following,1056,2859,2834,2883,50,outputs_windows\car_following\car_following_veh1056_mid2859.csv
car_following,1061,2656,2631,2680,50,outputs_windows\car_following\car_following_veh1061_mid2656.csv
